,root,edge,source,target,rank,depth,search_engine,datetime
0,coronavirus,"('coronavirus', 'coronavirus tips')",coronavirus,coronavirus tips,1,0,google,2020-03-17 06:09:45.678832
1,coronavirus,"('coronavirus', 'coronavirus map')",coronavirus,coronavirus map,2,0,google,2020-03-17 06:09:45.678832
2,coronavirus,"('coronavirus', 'coronavirus usa')",coronavirus,coronavirus usa,3,0,google,2020-03-17 06:09:45.678832
3,coronavirus,"('coronavirus', 'coronavirus symptoms')",coronavirus,coronavirus symptoms,4,0,google,2020-03-17 06:09:45.678832
4,coronavirus,"('coronavirus', 'coronavirus news')",coronavirus,coronavirus news,5,0,google,2020-03-17 06:09:45.678832
5,coronavirus,"('coronavirus', 'coronavirus updates')",coronavirus,coronavirus updates,6,0,google,2020-03-17 06:09:45.678832
6,coronavirus,"('coronavirus', 'coronavirus vaccine')",coronavirus,coronavirus vaccine,7,0,google,2020-03-17 06:09:45.678832
7,coronavirus,"('coronavirus', 'coronavirus italy')",coronavirus,coronavirus italy,8,0,google,2020-03-17 06:09:45.678832
8,coronavirus,"('coronavirus', 'coronavirus update usa')",coronavirus,coronavirus update usa,9,0,google,2020-03-17 06:09:45.678832
9,coronavirus,"('coronavirus tips', 'coronavirus tips do the five')",coronavirus tips,coronavirus tips do the five,1,1,google,2020-03-17 06:09:47.050338
10,coronavirus,"('coronavirus tips', 'coronavirus tips gym')",coronavirus tips,coronavirus tips gym,2,1,google,2020-03-17 06:09:47.050338
11,coronavirus,"('coronavirus tips', 'coronavirus tips in spanish')",coronavirus tips,coronavirus tips in spanish,3,1,google,2020-03-17 06:09:47.050338
12,coronavirus,"('coronavirus tips', 'coronavirus tips for healthcare workers')",coronavirus tips,coronavirus tips for healthcare workers,4,1,google,2020-03-17 06:09:47.050338
13,coronavirus,"('coronavirus tips', 'coronavirus tips ibuprofen')",coronavirus tips,coronavirus tips ibuprofen,5,1,google,2020-03-17 06:09:47.050338
14,coronavirus,"('coronavirus tips', 'coronavirus tips for seniors')",coronavirus tips,coronavirus tips for seniors,6,1,google,2020-03-17 06:09:47.050338
15,coronavirus,"('coronavirus tips', 'coronavirus tips for businesses')",coronavirus tips,coronavirus tips for businesses,7,1,google,2020-03-17 06:09:47.050338
16,coronavirus,"('coronavirus tips', 'coronavirus tips pdf')",coronavirus tips,coronavirus tips pdf,8,1,google,2020-03-17 06:09:47.050338
17,coronavirus,"('coronavirus tips', 'coronavirus tips symptoms')",coronavirus tips,coronavirus tips symptoms,9,1,google,2020-03-17 06:09:47.050338
18,coronavirus,"('coronavirus map', 'coronavirus map us')",coronavirus map,coronavirus map us,1,1,google,2020-03-17 06:09:48.027889
19,coronavirus,"('coronavirus map', 'coronavirus map john hopkins')",coronavirus map,coronavirus map john hopkins,2,1,google,2020-03-17 06:09:48.027889
20,coronavirus,"('coronavirus map', 'coronavirus map live')",coronavirus map,coronavirus map live,3,1,google,2020-03-17 06:09:48.027889
21,coronavirus,"('coronavirus map', 'coronavirus map interactive')",coronavirus map,coronavirus map interactive,4,1,google,2020-03-17 06:09:48.027889
22,coronavirus,"('coronavirus map', 'coronavirus map mn')",coronavirus map,coronavirus map mn,5,1,google,2020-03-17 06:09:48.027889
23,coronavirus,"('coronavirus map', 'coronavirus map live update')",coronavirus map,coronavirus map live update,6,1,google,2020-03-17 06:09:48.027889
24,coronavirus,"('coronavirus map', 'coronavirus map cnn')",coronavirus map,coronavirus map cnn,7,1,google,2020-03-17 06:09:48.027889
25,coronavirus,"('coronavirus map', 'coronavirus map china')",coronavirus map,coronavirus map china,8,1,google,2020-03-17 06:09:48.027889
26,coronavirus,"('coronavirus map', 'coronavirus map 2020')",coronavirus map,coronavirus map 2020,9,1,google,2020-03-17 06:09:48.027889
27,coronavirus,"('coronavirus usa', 'coronavirus usa map')",coronavirus usa,coronavirus usa map,1,1,google,2020-03-17 06:09:49.011455
28,coronavirus,"('coronavirus usa', 'coronavirus usa cases')",coronavirus usa,coronavirus usa cases,2,1,google,2020-03-17 06:09:49.011455
29,coronavirus,"('coronavirus usa', 'coronavirus usa update')",coronavirus usa,coronavirus usa update,3,1,google,2020-03-17 06:09:49.011455
30,coronavirus,"('coronavirus usa', 'coronavirus usa deaths')",coronavirus usa,coronavirus usa deaths,4,1,google,2020-03-17 06:09:49.011455
31,coronavirus,"('coronavirus usa', 'coronavirus usa numbers')",coronavirus usa,coronavirus usa numbers,5,1,google,2020-03-17 06:09:49.011455
32,coronavirus,"('coronavirus usa', 'coronavirus usa news')",coronavirus usa,coronavirus usa news,6,1,google,2020-03-17 06:09:49.011455
33,coronavirus,"('coronavirus usa', 'coronavirus usa states')",coronavirus usa,coronavirus usa states,7,1,google,2020-03-17 06:09:49.011455
34,coronavirus,"('coronavirus usa', 'coronavirus usa quarantine')",coronavirus usa,coronavirus usa quarantine,8,1,google,2020-03-17 06:09:49.011455
35,coronavirus,"('coronavirus usa', 'coronavirus usa today')",coronavirus usa,coronavirus usa today,9,1,google,2020-03-17 06:09:49.011455
36,coronavirus,"('coronavirus symptoms', 'coronavirus symptoms in kids')",coronavirus symptoms,coronavirus symptoms in kids,1,1,google,2020-03-17 06:09:49.968212
37,coronavirus,"('coronavirus symptoms', 'coronavirus symptoms list')",coronavirus symptoms,coronavirus symptoms list,2,1,google,2020-03-17 06:09:49.968212
38,coronavirus,"('coronavirus symptoms', 'coronavirus symptoms headache')",coronavirus symptoms,coronavirus symptoms headache,3,1,google,2020-03-17 06:09:49.968212
39,coronavirus,"('coronavirus symptoms', 'coronavirus symptoms sneezing')",coronavirus symptoms,coronavirus symptoms sneezing,4,1,google,2020-03-17 06:09:49.968212
40,coronavirus,"('coronavirus symptoms', 'coronavirus symptoms vs flu')",coronavirus symptoms,coronavirus symptoms vs flu,5,1,google,2020-03-17 06:09:49.968212
41,coronavirus,"('coronavirus symptoms', 'coronavirus symptoms in babies')",coronavirus symptoms,coronavirus symptoms in babies,6,1,google,2020-03-17 06:09:49.968212
42,coronavirus,"('coronavirus symptoms', 'coronavirus symptoms nausea')",coronavirus symptoms,coronavirus symptoms nausea,7,1,google,2020-03-17 06:09:49.968212
43,coronavirus,"('coronavirus symptoms', 'coronavirus symptoms rash')",coronavirus symptoms,coronavirus symptoms rash,8,1,google,2020-03-17 06:09:49.968212
44,coronavirus,"('coronavirus symptoms', 'coronavirus symptoms reddit')",coronavirus symptoms,coronavirus symptoms reddit,9,1,google,2020-03-17 06:09:49.968212
45,coronavirus,"('coronavirus news', 'coronavirus news usa')",coronavirus news,coronavirus news usa,1,1,google,2020-03-17 06:09:50.769487
46,coronavirus,"('coronavirus news', 'coronavirus news today')",coronavirus news,coronavirus news today,2,1,google,2020-03-17 06:09:50.769487
47,coronavirus,"('coronavirus news', 'coronavirus news italy')",coronavirus news,coronavirus news italy,3,1,google,2020-03-17 06:09:50.769487
48,coronavirus,"('coronavirus news', 'coronavirus news update')",coronavirus news,coronavirus news update,4,1,google,2020-03-17 06:09:50.769487
49,coronavirus,"('coronavirus news', 'coronavirus news now')",coronavirus news,coronavirus news now,5,1,google,2020-03-17 06:09:50.769487
50,coronavirus,"('coronavirus news', 'coronavirus news cnn')",coronavirus news,coronavirus news cnn,6,1,google,2020-03-17 06:09:50.769487
51,coronavirus,"('coronavirus news', 'coronavirus news chicago')",coronavirus news,coronavirus news chicago,7,1,google,2020-03-17 06:09:50.769487
52,coronavirus,"('coronavirus news', 'coronavirus news china')",coronavirus news,coronavirus news china,8,1,google,2020-03-17 06:09:50.769487
53,coronavirus,"('coronavirus news', 'coronavirus news india')",coronavirus news,coronavirus news india,9,1,google,2020-03-17 06:09:50.769487
54,coronavirus,"('coronavirus updates', 'coronavirus updates usa')",coronavirus updates,coronavirus updates usa,1,1,google,2020-03-17 06:09:51.807741
55,coronavirus,"('coronavirus updates', 'coronavirus updates map')",coronavirus updates,coronavirus updates map,2,1,google,2020-03-17 06:09:51.807741
56,coronavirus,"('coronavirus updates', 'coronavirus updates us')",coronavirus updates,coronavirus updates us,3,1,google,2020-03-17 06:09:51.807741
57,coronavirus,"('coronavirus updates', 'coronavirus updates cnn')",coronavirus updates,coronavirus updates cnn,4,1,google,2020-03-17 06:09:51.807741
58,coronavirus,"('coronavirus updates', 'coronavirus updates italy')",coronavirus updates,coronavirus updates italy,5,1,google,2020-03-17 06:09:51.807741
59,coronavirus,"('coronavirus updates', 'coronavirus updates pa')",coronavirus updates,coronavirus updates pa,6,1,google,2020-03-17 06:09:51.807741
60,coronavirus,"('coronavirus updates', 'coronavirus updates live')",coronavirus updates,coronavirus updates live,7,1,google,2020-03-17 06:09:51.807741
61,coronavirus,"('coronavirus updates', 'coronavirus updates in china')",coronavirus updates,coronavirus updates in china,8,1,google,2020-03-17 06:09:51.807741
62,coronavirus,"('coronavirus updates', 'coronavirus update cdc')",coronavirus updates,coronavirus update cdc,9,1,google,2020-03-17 06:09:51.807741
63,coronavirus,"('coronavirus vaccine', 'coronavirus vaccine usa')",coronavirus vaccine,coronavirus vaccine usa,1,1,google,2020-03-17 06:09:52.600927
64,coronavirus,"('coronavirus vaccine', 'coronavirus vaccine progress')",coronavirus vaccine,coronavirus vaccine progress,2,1,google,2020-03-17 06:09:52.600927
65,coronavirus,"('coronavirus vaccine', 'coronavirus vaccine testing')",coronavirus vaccine,coronavirus vaccine testing,3,1,google,2020-03-17 06:09:52.600927
66,coronavirus,"('coronavirus vaccine', 'coronavirus vaccine company')",coronavirus vaccine,coronavirus vaccine company,4,1,google,2020-03-17 06:09:52.600927
67,coronavirus,"('coronavirus vaccine', 'coronavirus vaccine china')",coronavirus vaccine,coronavirus vaccine china,5,1,google,2020-03-17 06:09:52.600927
68,coronavirus,"('coronavirus vaccine', 'coronavirus vaccine stock')",coronavirus vaccine,coronavirus vaccine stock,6,1,google,2020-03-17 06:09:52.600927
69,coronavirus,"('coronavirus vaccine', 'coronavirus vaccine for dogs')",coronavirus vaccine,coronavirus vaccine for dogs,7,1,google,2020-03-17 06:09:52.600927
70,coronavirus,"('coronavirus vaccine', 'coronavirus vaccine timeline')",coronavirus vaccine,coronavirus vaccine timeline,8,1,google,2020-03-17 06:09:52.600927
71,coronavirus,"('coronavirus vaccine', 'coronavirus vaccine patent')",coronavirus vaccine,coronavirus vaccine patent,9,1,google,2020-03-17 06:09:52.600927
72,coronavirus,"('coronavirus italy', 'coronavirus italy death')",coronavirus italy,coronavirus italy death,1,1,google,2020-03-17 06:09:54.069240
73,coronavirus,"('coronavirus italy', 'coronavirus italy update')",coronavirus italy,coronavirus italy update,2,1,google,2020-03-17 06:09:54.069240
74,coronavirus,"('coronavirus italy', 'coronavirus italy cases')",coronavirus italy,coronavirus italy cases,3,1,google,2020-03-17 06:09:54.069240
75,coronavirus,"('coronavirus italy', 'coronavirus italy vs us')",coronavirus italy,coronavirus italy vs us,4,1,google,2020-03-17 06:09:54.069240
76,coronavirus,"('coronavirus italy', 'coronavirus italy map')",coronavirus italy,coronavirus italy map,5,1,google,2020-03-17 06:09:54.069240
77,coronavirus,"('coronavirus italy', 'coronavirus italy death toll')",coronavirus italy,coronavirus italy death toll,6,1,google,2020-03-17 06:09:54.069240
78,coronavirus,"('coronavirus italy', 'coronavirus italy numbers')",coronavirus italy,coronavirus italy numbers,7,1,google,2020-03-17 06:09:54.069240
79,coronavirus,"('coronavirus italy', 'coronavirus italy timeline')",coronavirus italy,coronavirus italy timeline,8,1,google,2020-03-17 06:09:54.069240
80,coronavirus,"('coronavirus italy', 'coronavirus italy lockdown')",coronavirus italy,coronavirus italy lockdown,9,1,google,2020-03-17 06:09:54.069240
81,coronavirus,"('coronavirus update usa', 'coronavirus update usa cases')",coronavirus update usa,coronavirus update usa cases,1,1,google,2020-03-17 06:09:55.228690
82,coronavirus,"('coronavirus update usa', 'coronavirus update usa map')",coronavirus update usa,coronavirus update usa map,2,1,google,2020-03-17 06:09:55.228690
83,coronavirus,"('coronavirus update usa', 'coronavirus update usa today')",coronavirus update usa,coronavirus update usa today,3,1,google,2020-03-17 06:09:55.228690
84,coronavirus,"('coronavirus update usa', 'coronavirus update usa lockdown')",coronavirus update usa,coronavirus update usa lockdown,4,1,google,2020-03-17 06:09:55.228690
85,coronavirus,"('coronavirus update usa', 'coronavirus update usa pennsylvania')",coronavirus update usa,coronavirus update usa pennsylvania,5,1,google,2020-03-17 06:09:55.228690
86,coronavirus,"('coronavirus update usa', 'coronavirus update usa graph')",coronavirus update usa,coronavirus update usa graph,6,1,google,2020-03-17 06:09:55.228690
87,coronavirus,"('coronavirus update usa', 'coronavirus update usa by states')",coronavirus update usa,coronavirus update usa by states,7,1,google,2020-03-17 06:09:55.228690
88,coronavirus,"('coronavirus update usa', 'coronavirus update usa shutdown')",coronavirus update usa,coronavirus update usa shutdown,8,1,google,2020-03-17 06:09:55.228690
89,coronavirus,"('coronavirus update usa', 'coronavirus update usa map cdc')",coronavirus update usa,coronavirus update usa map cdc,9,1,google,2020-03-17 06:09:55.228690
90,coronavirus,"('coronavirus tips symptoms', 'coronavirus tips symptoms and treatment')",coronavirus tips symptoms,coronavirus tips symptoms and treatment,1,2,google,2020-03-17 06:10:06.273880
91,coronavirus,"('coronavirus tips symptoms', 'coronavirus tips symptoms female')",coronavirus tips symptoms,coronavirus tips symptoms female,2,2,google,2020-03-17 06:10:06.273880
92,coronavirus,"('coronavirus map us', 'coronavirus map us johns hopkins')",coronavirus map us,coronavirus map us johns hopkins,1,2,google,2020-03-17 06:10:07.177507
93,coronavirus,"('coronavirus map us', 'coronavirus map us nbc')",coronavirus map us,coronavirus map us nbc,2,2,google,2020-03-17 06:10:07.177507
94,coronavirus,"('coronavirus map us', 'coronavirus map us county')",coronavirus map us,coronavirus map us county,3,2,google,2020-03-17 06:10:07.177507
95,coronavirus,"('coronavirus map us', 'coronavirus map us cnn')",coronavirus map us,coronavirus map us cnn,4,2,google,2020-03-17 06:10:07.177507
96,coronavirus,"('coronavirus map us', 'coronavirus map usa interactive')",coronavirus map us,coronavirus map usa interactive,5,2,google,2020-03-17 06:10:07.177507
97,coronavirus,"('coronavirus map john hopkins', 'coronavirus map johns hopkins')",coronavirus map john hopkins,coronavirus map johns hopkins,1,2,google,2020-03-17 06:10:08.192945
98,coronavirus,"('coronavirus map john hopkins', 'coronavirus map john hopkins malware')",coronavirus map john hopkins,coronavirus map john hopkins malware,2,2,google,2020-03-17 06:10:08.192945
99,coronavirus,"('coronavirus map john hopkins', 'coronavirus map john hopkins us')",coronavirus map john hopkins,coronavirus map john hopkins us,3,2,google,2020-03-17 06:10:08.192945
100,coronavirus,"('coronavirus map live', 'coronavirus map live usa')",coronavirus map live,coronavirus map live usa,1,2,google,2020-03-17 06:10:09.002328
101,coronavirus,"('coronavirus map live', 'coronavirus map live world')",coronavirus map live,coronavirus map live world,2,2,google,2020-03-17 06:10:09.002328
102,coronavirus,"('coronavirus map live', 'coronavirus map live john hopkins')",coronavirus map live,coronavirus map live john hopkins,3,2,google,2020-03-17 06:10:09.002328
103,coronavirus,"('coronavirus map live', 'coronavirus map live update')",coronavirus map live,coronavirus map live update,4,2,google,2020-03-17 06:10:09.002328
104,coronavirus,"('coronavirus map live', 'coronavirus map live tracker')",coronavirus map live,coronavirus map live tracker,5,2,google,2020-03-17 06:10:09.002328
105,coronavirus,"('coronavirus map live', 'coronavirus map live cnn')",coronavirus map live,coronavirus map live cnn,6,2,google,2020-03-17 06:10:09.002328
106,coronavirus,"('coronavirus map live', 'coronavirus map live florida')",coronavirus map live,coronavirus map live florida,7,2,google,2020-03-17 06:10:09.002328
107,coronavirus,"('coronavirus map live', 'coronavirus map live reddit')",coronavirus map live,coronavirus map live reddit,8,2,google,2020-03-17 06:10:09.002328
108,coronavirus,"('coronavirus map live', 'coronavirus map live cdc')",coronavirus map live,coronavirus map live cdc,9,2,google,2020-03-17 06:10:09.002328
109,coronavirus,"('coronavirus map interactive', 'coronavirus map interactive us')",coronavirus map interactive,coronavirus map interactive us,1,2,google,2020-03-17 06:10:10.239557
110,coronavirus,"('coronavirus map live update', 'coronavirus map live update world')",coronavirus map live update,coronavirus map live update world,1,2,google,2020-03-17 06:10:12.433304
111,coronavirus,"('coronavirus usa map', 'coronavirus usa map live')",coronavirus usa map,coronavirus usa map live,1,2,google,2020-03-17 06:10:17.495498
112,coronavirus,"('coronavirus usa map', 'coronavirus usa map nyt')",coronavirus usa map,coronavirus usa map nyt,2,2,google,2020-03-17 06:10:17.495498
113,coronavirus,"('coronavirus usa map', 'coronavirus usa map washington post')",coronavirus usa map,coronavirus usa map washington post,3,2,google,2020-03-17 06:10:17.495498
114,coronavirus,"('coronavirus usa cases', 'coronavirus usa cases by day')",coronavirus usa cases,coronavirus usa cases by day,1,2,google,2020-03-17 06:10:18.449428
115,coronavirus,"('coronavirus usa cases', 'coronavirus usa cases map')",coronavirus usa cases,coronavirus usa cases map,2,2,google,2020-03-17 06:10:18.449428
116,coronavirus,"('coronavirus usa cases', 'coronavirus us cases worldometer')",coronavirus usa cases,coronavirus us cases worldometer,3,2,google,2020-03-17 06:10:18.449428
117,coronavirus,"('coronavirus usa update', 'coronavirus usa update map')",coronavirus usa update,coronavirus usa update map,1,2,google,2020-03-17 06:10:19.354060
118,coronavirus,"('coronavirus usa update', 'coronavirus usa update march 16')",coronavirus usa update,coronavirus usa update march 16,2,2,google,2020-03-17 06:10:19.354060
119,coronavirus,"('coronavirus usa update', 'coronavirus usa update numbers')",coronavirus usa update,coronavirus usa update numbers,3,2,google,2020-03-17 06:10:19.354060
120,coronavirus,"('coronavirus usa update', 'coronavirus usa update march 15')",coronavirus usa update,coronavirus usa update march 15,4,2,google,2020-03-17 06:10:19.354060
121,coronavirus,"('coronavirus usa deaths', 'coronavirus us deaths ages')",coronavirus usa deaths,coronavirus us deaths ages,1,2,google,2020-03-17 06:10:20.771566
122,coronavirus,"('coronavirus usa numbers', 'coronavirus usa numbers infected')",coronavirus usa numbers,coronavirus usa numbers infected,1,2,google,2020-03-17 06:10:21.739154
123,coronavirus,"('coronavirus usa numbers', 'coronavirus us numbers by state')",coronavirus usa numbers,coronavirus us numbers by state,2,2,google,2020-03-17 06:10:21.739154
124,coronavirus,"('coronavirus usa news', 'coronavirus usa news today')",coronavirus usa news,coronavirus usa news today,1,2,google,2020-03-17 06:10:23.094248
125,coronavirus,"('coronavirus usa news', 'coronavirus usa news today live')",coronavirus usa news,coronavirus usa news today live,2,2,google,2020-03-17 06:10:23.094248
126,coronavirus,"('coronavirus usa news', 'coronavirus news us cases')",coronavirus usa news,coronavirus news us cases,3,2,google,2020-03-17 06:10:23.094248
127,coronavirus,"('coronavirus usa news', 'coronavirus usa current news')",coronavirus usa news,coronavirus usa current news,4,2,google,2020-03-17 06:10:23.094248
128,coronavirus,"('coronavirus usa states', 'coronavirus us states affected')",coronavirus usa states,coronavirus us states affected,1,2,google,2020-03-17 06:10:24.554607
129,coronavirus,"('coronavirus usa today', 'coronavirus usa today map')",coronavirus usa today,coronavirus usa today map,1,2,google,2020-03-17 06:10:26.792096
130,coronavirus,"('coronavirus usa today', 'coronavirus update us cases today')",coronavirus usa today,coronavirus update us cases today,2,2,google,2020-03-17 06:10:26.792096
131,coronavirus,"('coronavirus symptoms headache', 'coronavirus symptoms headache nausea')",coronavirus symptoms headache,coronavirus symptoms headache nausea,1,2,google,2020-03-17 06:10:30.253704
132,coronavirus,"('coronavirus symptoms vs flu', 'coronavirus symptoms vs flu symptoms chart')",coronavirus symptoms vs flu,coronavirus symptoms vs flu symptoms chart,1,2,google,2020-03-17 06:10:32.492425
133,coronavirus,"('coronavirus symptoms vs flu', 'coronavirus symptoms vs flu symptoms vs cold')",coronavirus symptoms vs flu,coronavirus symptoms vs flu symptoms vs cold,2,2,google,2020-03-17 06:10:32.492425
134,coronavirus,"('coronavirus symptoms vs flu', 'coronavirus symptoms vs flu vs allergies')",coronavirus symptoms vs flu,coronavirus symptoms vs flu vs allergies,3,2,google,2020-03-17 06:10:32.492425
135,coronavirus,"('coronavirus symptoms vs flu', 'coronavirus symptoms vs flu symptoms cdc')",coronavirus symptoms vs flu,coronavirus symptoms vs flu symptoms cdc,4,2,google,2020-03-17 06:10:32.492425
136,coronavirus,"('coronavirus symptoms in babies', 'coronavirus symptoms in babies nhs')",coronavirus symptoms in babies,coronavirus symptoms in babies nhs,1,2,google,2020-03-17 06:10:33.519404
137,coronavirus,"('coronavirus symptoms in babies', 'coronavirus symptoms in babies uk')",coronavirus symptoms in babies,coronavirus symptoms in babies uk,2,2,google,2020-03-17 06:10:33.519404
138,coronavirus,"('coronavirus symptoms in babies', 'coronavirus symptoms in infants')",coronavirus symptoms in babies,coronavirus symptoms in infants,3,2,google,2020-03-17 06:10:33.519404
139,coronavirus,"('coronavirus symptoms nausea', 'coronavirus symptoms nausea diarrhea')",coronavirus symptoms nausea,coronavirus symptoms nausea diarrhea,1,2,google,2020-03-17 06:10:34.333942
140,coronavirus,"('coronavirus symptoms nausea', 'coronavirus symptoms nausea fatigue')",coronavirus symptoms nausea,coronavirus symptoms nausea fatigue,2,2,google,2020-03-17 06:10:34.333942
141,coronavirus,"('coronavirus news usa', 'coronavirus news usa lockdown')",coronavirus news usa,coronavirus news usa lockdown,1,2,google,2020-03-17 06:10:37.141492
142,coronavirus,"('coronavirus news usa', 'coronavirus news usa deaths')",coronavirus news usa,coronavirus news usa deaths,2,2,google,2020-03-17 06:10:37.141492
143,coronavirus,"('coronavirus news usa', 'coronavirus news usa live')",coronavirus news usa,coronavirus news usa live,3,2,google,2020-03-17 06:10:37.141492
144,coronavirus,"('coronavirus news usa', 'coronavirus news usa latest')",coronavirus news usa,coronavirus news usa latest,4,2,google,2020-03-17 06:10:37.141492
145,coronavirus,"('coronavirus news usa', 'coronavirus news usa count')",coronavirus news usa,coronavirus news usa count,5,2,google,2020-03-17 06:10:37.141492
146,coronavirus,"('coronavirus news usa', 'coronavirus news usa by state')",coronavirus news usa,coronavirus news usa by state,6,2,google,2020-03-17 06:10:37.141492
147,coronavirus,"('coronavirus news today', 'coronavirus news today washington state')",coronavirus news today,coronavirus news today washington state,1,2,google,2020-03-17 06:10:38.251311
148,coronavirus,"('coronavirus news today', 'coronavirus news today ohio')",coronavirus news today,coronavirus news today ohio,2,2,google,2020-03-17 06:10:38.251311
149,coronavirus,"('coronavirus news today', 'coronavirus news today san diego')",coronavirus news today,coronavirus news today san diego,3,2,google,2020-03-17 06:10:38.251311
150,coronavirus,"('coronavirus news today', 'coronavirus news today michigan')",coronavirus news today,coronavirus news today michigan,4,2,google,2020-03-17 06:10:38.251311
151,coronavirus,"('coronavirus news today', 'coronavirus news today oregon')",coronavirus news today,coronavirus news today oregon,5,2,google,2020-03-17 06:10:38.251311
152,coronavirus,"('coronavirus news today', 'coronavirus news today las vegas')",coronavirus news today,coronavirus news today las vegas,6,2,google,2020-03-17 06:10:38.251311
153,coronavirus,"('coronavirus news today', 'coronavirus news today ny')",coronavirus news today,coronavirus news today ny,7,2,google,2020-03-17 06:10:38.251311
154,coronavirus,"('coronavirus news today', 'coronavirus news today indiana')",coronavirus news today,coronavirus news today indiana,8,2,google,2020-03-17 06:10:38.251311
155,coronavirus,"('coronavirus news today', 'coronavirus news today in wisconsin')",coronavirus news today,coronavirus news today in wisconsin,9,2,google,2020-03-17 06:10:38.251311
156,coronavirus,"('coronavirus news italy', 'coronavirus news italy deaths')",coronavirus news italy,coronavirus news italy deaths,1,2,google,2020-03-17 06:10:39.489286
157,coronavirus,"('coronavirus news italy', 'coronavirus news italy update')",coronavirus news italy,coronavirus news italy update,2,2,google,2020-03-17 06:10:39.489286
158,coronavirus,"('coronavirus news update', 'coronavirus news update florida')",coronavirus news update,coronavirus news update florida,1,2,google,2020-03-17 06:10:40.703173
159,coronavirus,"('coronavirus news update', 'coronavirus news update pa')",coronavirus news update,coronavirus news update pa,2,2,google,2020-03-17 06:10:40.703173
160,coronavirus,"('coronavirus news update', 'coronavirus news update michigan')",coronavirus news update,coronavirus news update michigan,3,2,google,2020-03-17 06:10:40.703173
161,coronavirus,"('coronavirus news update', 'coronavirus news update india')",coronavirus news update,coronavirus news update india,4,2,google,2020-03-17 06:10:40.703173
162,coronavirus,"('coronavirus news update', 'coronavirus news update pennsylvania')",coronavirus news update,coronavirus news update pennsylvania,5,2,google,2020-03-17 06:10:40.703173
163,coronavirus,"('coronavirus news update', 'coronavirus news update washington')",coronavirus news update,coronavirus news update washington,6,2,google,2020-03-17 06:10:40.703173
164,coronavirus,"('coronavirus news update', 'coronavirus news updates cnbc')",coronavirus news update,coronavirus news updates cnbc,7,2,google,2020-03-17 06:10:40.703173
165,coronavirus,"('coronavirus news update', 'coronavirus news updates ohio')",coronavirus news update,coronavirus news updates ohio,8,2,google,2020-03-17 06:10:40.703173
166,coronavirus,"('coronavirus news update', 'coronavirus news update today in usa')",coronavirus news update,coronavirus news update today in usa,9,2,google,2020-03-17 06:10:40.703173
167,coronavirus,"('coronavirus news now', 'coronavirus news now map')",coronavirus news now,coronavirus news now map,1,2,google,2020-03-17 06:10:41.754139
168,coronavirus,"('coronavirus news now', 'coronavirus news now live map')",coronavirus news now,coronavirus news now live map,2,2,google,2020-03-17 06:10:41.754139
169,coronavirus,"('coronavirus news china', 'coronavirus news china update')",coronavirus news china,coronavirus news china update,1,2,google,2020-03-17 06:10:44.784957
170,coronavirus,"('coronavirus news india', 'coronavirus news indianapolis')",coronavirus news india,coronavirus news indianapolis,1,2,google,2020-03-17 06:10:45.987057
171,coronavirus,"('coronavirus news india', 'coronavirus news india in hindi')",coronavirus news india,coronavirus news india in hindi,2,2,google,2020-03-17 06:10:45.987057
172,coronavirus,"('coronavirus updates usa', 'coronavirus updates usa map')",coronavirus updates usa,coronavirus updates usa map,1,2,google,2020-03-17 06:10:47.137091
173,coronavirus,"('coronavirus updates usa', 'coronavirus updates usa by state')",coronavirus updates usa,coronavirus updates usa by state,2,2,google,2020-03-17 06:10:47.137091
174,coronavirus,"('coronavirus updates usa', 'coronavirus updates usa cases')",coronavirus updates usa,coronavirus updates usa cases,3,2,google,2020-03-17 06:10:47.137091
175,coronavirus,"('coronavirus updates usa', 'coronavirus updates usa deaths')",coronavirus updates usa,coronavirus updates usa deaths,4,2,google,2020-03-17 06:10:47.137091
176,coronavirus,"('coronavirus updates map', 'coronavirus update map usa')",coronavirus updates map,coronavirus update map usa,1,2,google,2020-03-17 06:10:48.232467
177,coronavirus,"('coronavirus updates map', 'coronavirus updates map john hopkins')",coronavirus updates map,coronavirus updates map john hopkins,2,2,google,2020-03-17 06:10:48.232467
178,coronavirus,"('coronavirus updates us', 'coronavirus updates usa')",coronavirus updates us,coronavirus updates usa,1,2,google,2020-03-17 06:10:49.358813
179,coronavirus,"('coronavirus updates us', 'coronavirus updates usa deaths')",coronavirus updates us,coronavirus updates usa deaths,2,2,google,2020-03-17 06:10:49.358813
180,coronavirus,"('coronavirus updates us', 'coronavirus updates usa by state')",coronavirus updates us,coronavirus updates usa by state,3,2,google,2020-03-17 06:10:49.358813
181,coronavirus,"('coronavirus updates live', 'coronavirus updates live guardian')",coronavirus updates live,coronavirus updates live guardian,1,2,google,2020-03-17 06:10:54.133216
182,coronavirus,"('coronavirus updates in china', 'corona virus china update')",coronavirus updates in china,corona virus china update,1,2,google,2020-03-17 06:10:55.112404
183,coronavirus,"('coronavirus update cdc', 'coronavirus update cdc 2020 map')",coronavirus update cdc,coronavirus update cdc 2020 map,1,2,google,2020-03-17 06:10:56.137965
184,coronavirus,"('coronavirus vaccine usa', 'coronavirus vaccine usa trial')",coronavirus vaccine usa,coronavirus vaccine usa trial,1,2,google,2020-03-17 06:10:57.511601
185,coronavirus,"('coronavirus vaccine usa', 'coronavirus vaccine usa test')",coronavirus vaccine usa,coronavirus vaccine usa test,2,2,google,2020-03-17 06:10:57.511601
186,coronavirus,"('coronavirus vaccine progress', 'coronavirus vaccine progress usa')",coronavirus vaccine progress,coronavirus vaccine progress usa,1,2,google,2020-03-17 06:10:58.716162
187,coronavirus,"('coronavirus vaccine progress', 'coronavirus vaccine progress cdc')",coronavirus vaccine progress,coronavirus vaccine progress cdc,2,2,google,2020-03-17 06:10:58.716162
188,coronavirus,"('coronavirus vaccine progress', 'coronavirus vaccine progress israel')",coronavirus vaccine progress,coronavirus vaccine progress israel,3,2,google,2020-03-17 06:10:58.716162
189,coronavirus,"('coronavirus vaccine progress', 'coronavirus vaccine progress saskatchewan')",coronavirus vaccine progress,coronavirus vaccine progress saskatchewan,4,2,google,2020-03-17 06:10:58.716162
190,coronavirus,"('coronavirus vaccine testing', 'coronavirus vaccine testing volunteer')",coronavirus vaccine testing,coronavirus vaccine testing volunteer,1,2,google,2020-03-17 06:10:59.912182
191,coronavirus,"('coronavirus vaccine testing', 'coronavirus vaccine testing uk')",coronavirus vaccine testing,coronavirus vaccine testing uk,2,2,google,2020-03-17 06:10:59.912182
192,coronavirus,"('coronavirus vaccine testing', 'coronavirus vaccine testing begins')",coronavirus vaccine testing,coronavirus vaccine testing begins,3,2,google,2020-03-17 06:10:59.912182
193,coronavirus,"('coronavirus vaccine testing', 'coronavirus vaccine testing seattle')",coronavirus vaccine testing,coronavirus vaccine testing seattle,4,2,google,2020-03-17 06:10:59.912182
194,coronavirus,"('coronavirus vaccine testing', 'coronavirus vaccine testing on humans')",coronavirus vaccine testing,coronavirus vaccine testing on humans,5,2,google,2020-03-17 06:10:59.912182
195,coronavirus,"('coronavirus vaccine testing', 'coronavirus vaccine testing usa')",coronavirus vaccine testing,coronavirus vaccine testing usa,6,2,google,2020-03-17 06:10:59.912182
196,coronavirus,"('coronavirus vaccine for dogs', 'coronavirus vaccine dogs')",coronavirus vaccine for dogs,coronavirus vaccine dogs,1,2,google,2020-03-17 06:11:04.385023
197,coronavirus,"('coronavirus vaccine for dogs', 'coronavirus vaccine dog')",coronavirus vaccine for dogs,coronavirus vaccine dog,2,2,google,2020-03-17 06:11:04.385023
198,coronavirus,"('coronavirus italy death', 'coronavirus italy death toll')",coronavirus italy death,coronavirus italy death toll,1,2,google,2020-03-17 06:11:07.592221
199,coronavirus,"('coronavirus italy death', 'coronavirus italy death by age')",coronavirus italy death,coronavirus italy death by age,2,2,google,2020-03-17 06:11:07.592221
200,coronavirus,"('coronavirus italy death', 'coronavirus italy deaths today')",coronavirus italy death,coronavirus italy deaths today,3,2,google,2020-03-17 06:11:07.592221
201,coronavirus,"('coronavirus italy death', 'coronavirus italy death total')",coronavirus italy death,coronavirus italy death total,4,2,google,2020-03-17 06:11:07.592221
202,coronavirus,"('coronavirus italy death', 'coronavirus italy death age group')",coronavirus italy death,coronavirus italy death age group,5,2,google,2020-03-17 06:11:07.592221
203,coronavirus,"('coronavirus italy death', 'coronavirus italy deaths per day')",coronavirus italy death,coronavirus italy deaths per day,6,2,google,2020-03-17 06:11:07.592221
204,coronavirus,"('coronavirus italy death', 'coronavirus italy death update')",coronavirus italy death,coronavirus italy death update,7,2,google,2020-03-17 06:11:07.592221
205,coronavirus,"('coronavirus italy death', 'coronavirus italy death percentage')",coronavirus italy death,coronavirus italy death percentage,8,2,google,2020-03-17 06:11:07.592221
206,coronavirus,"('coronavirus italy death', 'coronavirus italy deaths by day')",coronavirus italy death,coronavirus italy deaths by day,9,2,google,2020-03-17 06:11:07.592221
207,coronavirus,"('coronavirus italy cases', 'coronavirus italy cases chart')",coronavirus italy cases,coronavirus italy cases chart,1,2,google,2020-03-17 06:11:09.892998
208,coronavirus,"('coronavirus italy cases', 'coronavirus italy cases and deaths')",coronavirus italy cases,coronavirus italy cases and deaths,2,2,google,2020-03-17 06:11:09.892998
209,coronavirus,"('coronavirus italy cases', 'coronavirus italy cases update')",coronavirus italy cases,coronavirus italy cases update,3,2,google,2020-03-17 06:11:09.892998
210,coronavirus,"('coronavirus italy cases', 'coronavirus italy cases by region')",coronavirus italy cases,coronavirus italy cases by region,4,2,google,2020-03-17 06:11:09.892998
211,coronavirus,"('coronavirus italy vs us', 'coronavirus italy vs us chart')",coronavirus italy vs us,coronavirus italy vs us chart,1,2,google,2020-03-17 06:11:11.189330
212,coronavirus,"('coronavirus italy vs us', 'coronavirus italy vs us reddit')",coronavirus italy vs us,coronavirus italy vs us reddit,2,2,google,2020-03-17 06:11:11.189330
213,coronavirus,"('coronavirus italy death toll', 'coronavirus italy death toll age')",coronavirus italy death toll,coronavirus italy death toll age,1,2,google,2020-03-17 06:11:13.632849
214,coronavirus,"('coronavirus italy death toll', 'coronavirus italian death toll')",coronavirus italy death toll,coronavirus italian death toll,2,2,google,2020-03-17 06:11:13.632849
215,coronavirus,"('coronavirus italy timeline', 'coronavirus italy timeline wikipedia')",coronavirus italy timeline,coronavirus italy timeline wikipedia,1,2,google,2020-03-17 06:11:15.781128
216,coronavirus,"('coronavirus italy lockdown', 'coronavirus italy lockdown rules')",coronavirus italy lockdown,coronavirus italy lockdown rules,1,2,google,2020-03-17 06:11:16.764915
217,coronavirus,"('coronavirus update usa cases', 'coronavirus update usa cases map')",coronavirus update usa cases,coronavirus update usa cases map,1,2,google,2020-03-17 06:11:17.702538
218,coronavirus,"('coronavirus update usa cases', 'coronavirus update us cases today')",coronavirus update usa cases,coronavirus update us cases today,2,2,google,2020-03-17 06:11:17.702538
219,coronavirus,"('coronavirus update usa map', 'coronavirus update usa map cdc')",coronavirus update usa map,coronavirus update usa map cdc,1,2,google,2020-03-17 06:11:18.782325
220,coronavirus,"('coronavirus update usa map', 'coronavirus update usa map live')",coronavirus update usa map,coronavirus update usa map live,2,2,google,2020-03-17 06:11:18.782325
221,coronavirus,"('coronavirus update usa today', 'coronavirus update usa today map')",coronavirus update usa today,coronavirus update usa today map,1,2,google,2020-03-17 06:11:20.065846
222,coronavirus,"('coronavirus update usa today', 'coronavirus update us cases today')",coronavirus update usa today,coronavirus update us cases today,2,2,google,2020-03-17 06:11:20.065846
223,coronavirus,"('coronavirus map johns hopkins', 'coronavirus map johns hopkins malware')",coronavirus map johns hopkins,coronavirus map johns hopkins malware,1,3,google,2020-03-17 06:11:36.649457
224,coronavirus,"('coronavirus map live world', 'coronavirus map live world wide')",coronavirus map live world,coronavirus map live world wide,1,3,google,2020-03-17 06:11:41.432433
225,coronavirus,"('coronavirus map live john hopkins', 'coronavirus map live johns hopkins')",coronavirus map live john hopkins,coronavirus map live johns hopkins,1,3,google,2020-03-17 06:11:42.691899
226,coronavirus,"('coronavirus map live john hopkins', 'coronavirus tracker map live john hopkins')",coronavirus map live john hopkins,coronavirus tracker map live john hopkins,2,3,google,2020-03-17 06:11:42.691899
227,coronavirus,"('coronavirus map live john hopkins', 'coronavirus global map live johns hopkins')",coronavirus map live john hopkins,coronavirus global map live johns hopkins,3,3,google,2020-03-17 06:11:42.691899
228,coronavirus,"('coronavirus map live john hopkins', 'coronavirus live count map johns hopkins')",coronavirus map live john hopkins,coronavirus live count map johns hopkins,4,3,google,2020-03-17 06:11:42.691899
229,coronavirus,"('coronavirus usa map live', 'coronavirus usa map live update')",coronavirus usa map live,coronavirus usa map live update,1,3,google,2020-03-17 06:11:51.926072
230,coronavirus,"('coronavirus us states affected', 'coronavirus us states affected map')",coronavirus us states affected,coronavirus us states affected map,1,3,google,2020-03-17 06:12:10.732215
231,coronavirus,"('coronavirus symptoms in infants', 'coronavirus symptoms in babies')",coronavirus symptoms in infants,coronavirus symptoms in babies,1,3,google,2020-03-17 06:12:21.768904
232,coronavirus,"('coronavirus symptoms nausea fatigue', 'coronavirus symptoms nausea fatigue headache fatigue')",coronavirus symptoms nausea fatigue,coronavirus symptoms nausea fatigue headache fatigue,1,3,google,2020-03-17 06:12:23.736448
233,coronavirus,"('coronavirus news updates cnbc', 'coronavirus news update cnbc')",coronavirus news updates cnbc,coronavirus news update cnbc,1,3,google,2020-03-17 06:12:51.713698
234,coronavirus,"('coronavirus update map usa', 'coronavirus update map usa today')",coronavirus update map usa,coronavirus update map usa today,1,3,google,2020-03-17 06:13:03.935596
235,coronavirus,"('corona virus china update', 'coronavirus china update')",corona virus china update,coronavirus china update,1,3,google,2020-03-17 06:13:07.285653
236,coronavirus,"('corona virus china update', 'coronavirus china update news')",corona virus china update,coronavirus china update news,2,3,google,2020-03-17 06:13:07.285653
237,coronavirus,"('coronavirus vaccine testing volunteer', 'coronavirus vaccine testing volunteer uk')",coronavirus vaccine testing volunteer,coronavirus vaccine testing volunteer uk,1,3,google,2020-03-17 06:13:16.147883
238,coronavirus,"('coronavirus vaccine dogs', 'coronavirus vaccine for dogs')",coronavirus vaccine dogs,coronavirus vaccine for dogs,1,3,google,2020-03-17 06:13:23.145885
239,coronavirus,"('coronavirus vaccine dog', 'coronavirus vaccine dogs')",coronavirus vaccine dog,coronavirus vaccine dogs,1,3,google,2020-03-17 06:13:24.176186
240,coronavirus,"('coronavirus vaccine dog', 'coronavirus vaccine for dogs')",coronavirus vaccine dog,coronavirus vaccine for dogs,2,3,google,2020-03-17 06:13:24.176186
